{
  "name": "pmrs_master_data_ingestion",
  "email_notifications": {
    "no_alert_for_skipped_runs": false
  },
  "webhook_notifications": {},
  "timeout_seconds": 0,
  "max_concurrent_runs": 10,
  "tasks": [
    {
      "task_key": "Raw_to_Bronze_staging_ingestion",
      "run_if": "ALL_SUCCESS",
      "notebook_task": {
        "notebook_path": "/Workspace/data_engineering/bronze/ifinance/nb_pmrs_common_bronze_Ingestion",
        "source": "WORKSPACE"
      },
      "job_cluster_key": "Job_cluster",
      "libraries": [
        {
          "jar": "/Volumes/pds_pmrs_931195_ppd/config_details/pmrs_volume_technical_jars/spark-excel_2.12-3.5.1_0.20.4.jar"
        }
      ],
      "timeout_seconds": 0,
      "email_notifications": {},
      "webhook_notifications": {}
    },
    {
      "task_key": "Bronze_staging_to_silver_ingestion",
      "depends_on": [
        {
          "task_key": "Raw_to_Bronze_staging_ingestion"
        }
      ],
      "run_if": "ALL_SUCCESS",
      "notebook_task": {
        "notebook_path": "/Workspace/data_engineering/silver/ifinance/nb_pmrs_master_silver_Ingestion",
        "source": "WORKSPACE"
      },
      "job_cluster_key": "Job_cluster",
      "timeout_seconds": 0,
      "email_notifications": {},
      "webhook_notifications": {}
    },
    {
      "task_key": "Raw_Reject_flow",
      "depends_on": [
        {
          "task_key": "Raw_to_Bronze_staging_ingestion"
        }
      ],
      "run_if": "ALL_FAILED",
      "notebook_task": {
        "notebook_path": "/Workspace/data_engineering/utils/nb_pmrs_utils_reject",
        "source": "WORKSPACE"
      },
      "job_cluster_key": "Job_cluster",
      "timeout_seconds": 0,
      "email_notifications": {},
      "webhook_notifications": {}
    },
    {
      "task_key": "silver_to_gold_ingestion",
      "depends_on": [
        {
          "task_key": "Bronze_staging_to_silver_ingestion"
        }
      ],
      "run_if": "ALL_SUCCESS",
      "notebook_task": {
        "notebook_path": "/Workspace/data_engineering/gold/ifinance/nb_pmrs_master_gold_ingestion",
        "source": "WORKSPACE"
      },
      "job_cluster_key": "Job_cluster",
      "timeout_seconds": 0,
      "email_notifications": {},
      "webhook_notifications": {}
    },
    {
      "task_key": "view_notebook_execution",
      "depends_on": [
        {
          "task_key": "silver_to_gold_ingestion"
        }
      ],
      "run_if": "ALL_SUCCESS",
      "notebook_task": {
        "notebook_path": "/Workspace/data_engineering/gold/ifinance/nb_pmrs_master_view_run",
        "source": "WORKSPACE"
      },
      "job_cluster_key": "Job_cluster",
      "timeout_seconds": 0,
      "email_notifications": {},
      "webhook_notifications": {}
    }
  ],
  "job_clusters": [
    {
      "job_cluster_key": "Job_cluster",
      "new_cluster": {
        "cluster_name": "",
        "spark_version": "15.4.x-scala2.12",
        "azure_attributes": {
          "first_on_demand": 1,
          "availability": "SPOT_WITH_FALLBACK_AZURE",
          "spot_bid_max_price": -1
        },
        "node_type_id": "Standard_D8ads_v5",
        "enable_elastic_disk": true,
        "policy_id": "001EF8BB6BCDF607",
        "data_security_mode": "USER_ISOLATION",
        "runtime_engine": "STANDARD",
        "num_workers": 1
      }
    }
  ]
}