{
  "name": "pmrs_fact_measure_to_cols_reporting",
  "email_notifications": {
    "no_alert_for_skipped_runs": false
  },
  "webhook_notifications": {},
  "timeout_seconds": 0,
  "max_concurrent_runs": 6,
  "tasks": [
    {
      "task_key": "Fact_Measure_To_Columns_Task",
      "run_if": "ALL_SUCCESS",
      "notebook_task": {
        "notebook_path": "/Workspace/data_engineering/gold/ifinance/nb_pmrs_fact_measures_to_columns_reporting",
        "base_parameters": {
          "uc_catalog_name": "",
          "fact_table": "",
          "debug_flag": "",
          "external_location": "",
          "object_owner_spn": ""
        },
        "source": "WORKSPACE"
      },
      "job_cluster_key": "Job_cluster",
      "timeout_seconds": 0,
      "email_notifications": {},
      "webhook_notifications": {}
    }
  ],
  "job_clusters": [
    {
      "job_cluster_key": "Job_cluster",
      "new_cluster": {
        "cluster_name": "",
        "spark_version": "15.4.x-scala2.12",
        "azure_attributes": {
          "first_on_demand": 1,
          "availability": "SPOT_WITH_FALLBACK_AZURE",
          "spot_bid_max_price": -1
        },
        "node_type_id": "Standard_D8ads_v5",
        "enable_elastic_disk": true,
        "policy_id": "001EF8BB6BCDF607",
        "data_security_mode": "USER_ISOLATION",
        "runtime_engine": "STANDARD",
        "num_workers": 1
      }
    }
  ]
}