{
  "name": "pmrs_fact_map_hierarchy_workflow",
  "email_notifications": {
    "no_alert_for_skipped_runs": false
  },
  "webhook_notifications": {},
  "timeout_seconds": 0,
  "max_concurrent_runs": 6,
  "tasks": [
    {
      "task_key": "Fact_Actuals_Map_task",
      "run_if": "ALL_SUCCESS",
      "notebook_task": {
        "notebook_path": "/Workspace/data_engineering/silver/ifinance/nb_pmrs_map_hierarchy_actuals_forecast",
        "source": "WORKSPACE"
      },
      "job_cluster_key": "Job_cluster",
      "timeout_seconds": 0,
      "email_notifications": {},
      "webhook_notifications": {}
    }
  ],
  "job_clusters": [
    {
      "job_cluster_key": "Job_cluster",
      "new_cluster": {
        "cluster_name": "",
        "spark_version": "15.4.x-scala2.12",
        "azure_attributes": {
          "first_on_demand": 1,
          "availability": "SPOT_WITH_FALLBACK_AZURE",
          "spot_bid_max_price": -1
        },
        "node_type_id": "Standard_D32ads_v5",
        "enable_elastic_disk": true,
        "policy_id": "000745D2A99092EE",
        "data_security_mode": "USER_ISOLATION",
        "runtime_engine": "STANDARD",
        "autoscale": {
          "min_workers": 1,
          "max_workers": 2
        }
      }
    }
  ]
}