{
  "name": "pmrs_env_setup_workflow",
  "email_notifications": {
    "no_alert_for_skipped_runs": false
  },
  "webhook_notifications": {},
  "timeout_seconds": 0,
  "max_concurrent_runs": 1,
  "tasks": [
    {
      "task_key": "adls_path_setup",
      "run_if": "ALL_SUCCESS",
      "notebook_task": {
        "notebook_path": "/Workspace/data_engineering/utils/scripts/nb_pmrs_adls_path_creation_notebooks",
        "source": "WORKSPACE"
      },
      "job_cluster_key": "Job_cluster",
      "timeout_seconds": 0,
      "email_notifications": {},
      "webhook_notifications": {}
    },
    {
      "task_key": "dbr_tables_setup",
      "depends_on": [
        {
          "task_key": "adls_path_setup"
        }
      ],
      "run_if": "ALL_SUCCESS",
      "notebook_task": {
        "notebook_path": "/Workspace/data_engineering/utils/scripts/nb_pmrs_common_logging_table_creation",
        "source": "WORKSPACE"
      },
      "job_cluster_key": "Job_cluster",
      "timeout_seconds": 0,
      "email_notifications": {},
      "webhook_notifications": {}
    }
  ],
  "job_clusters": [
    {
      "job_cluster_key": "Job_cluster",
      "new_cluster": {
        "cluster_name": "",
        "spark_version": "15.4.x-scala2.12",
        "azure_attributes": {
          "first_on_demand": 1,
          "availability": "SPOT_WITH_FALLBACK_AZURE",
          "spot_bid_max_price": -1
        },
        "node_type_id": "Standard_D8ads_v5",
        "enable_elastic_disk": true,
        "policy_id": "000745D2A99092EE",
        "data_security_mode": "USER_ISOLATION",
        "runtime_engine": "STANDARD",
        "num_workers": 1
      }
    }
  ]
}