{
  "name": "pmrs_gmi_loader",
  "email_notifications": {
    "no_alert_for_skipped_runs": false
  },
  "webhook_notifications": {},
  "timeout_seconds": 0,
  "max_concurrent_runs": 1,
  "tasks": [
    {
      "task_key": "gmi_snapshot_raw_load",
      "run_if": "ALL_SUCCESS",
      "notebook_task": {
        "notebook_path": "/Workspace/data_engineering/raw/nb_pmrs_source_to_raw",
        "base_parameters": {
          "is_pcat": "false"
        },
        "source": "WORKSPACE"
      },
      "job_cluster_key": "Job_cluster",
      "timeout_seconds": 0,
      "email_notifications": {},
      "webhook_notifications": {}
    },
    {
      "task_key": "Gmi_Raw_to_Bronze_staging_ingestion",
      "depends_on": [
        {
          "task_key": "gmi_snapshot_raw_load"
        }
      ],
      "run_if": "ALL_SUCCESS",
      "notebook_task": {
        "notebook_path": "/Workspace/data_engineering/bronze/ifinance/nb_pmrs_common_bronze_Ingestion",
        "base_parameters": {
          "FilePath": "{{tasks.gmi_snapshot_raw_load.values.FilePath}}",
          "FileName": "{{tasks.gmi_snapshot_raw_load.values.FileName}}",
          "processing_file_path": "{{tasks.gmi_snapshot_raw_load.values.processing_file_path}}",
          "is_pcat": "false"
        },
        "source": "WORKSPACE"
      },
      "job_cluster_key": "Job_cluster",
      "timeout_seconds": 0,
      "email_notifications": {},
      "webhook_notifications": {}
    },
    {
      "task_key": "pcat_source_to_raw",
      "run_if": "ALL_SUCCESS",
      "notebook_task": {
        "notebook_path": "/Workspace/data_engineering/raw/nb_pmrs_source_to_raw",
        "base_parameters": {
          "is_pcat": "true"
        },
        "source": "WORKSPACE"
      },
      "job_cluster_key": "Job_cluster",
      "timeout_seconds": 0,
      "email_notifications": {},
      "webhook_notifications": {}
    },
    {
      "task_key": "Raw_to_Bronze_staging_ingestion",
      "depends_on": [
        {
          "task_key": "pcat_source_to_raw"
        }
      ],
      "run_if": "ALL_SUCCESS",
      "notebook_task": {
        "notebook_path": "/Workspace/data_engineering/bronze/ifinance/nb_pmrs_common_bronze_Ingestion",
        "base_parameters": {
          "FilePath": "{{tasks.pcat_source_to_raw.values.FilePath}}",
          "FileName": "{{tasks.pcat_source_to_raw.values.FileName}}",
          "processing_file_path": "{{tasks.pcat_source_to_raw.values.processing_file_path}}",
          "is_pcat": "true"
        },
        "source": "WORKSPACE"
      },
      "job_cluster_key": "Job_cluster",
      "timeout_seconds": 0,
      "email_notifications": {},
      "webhook_notifications": {}
    },
    {
      "task_key": "pcat_silver_merge",
      "depends_on": [
        {
          "task_key": "Raw_to_Bronze_staging_ingestion"
        }
      ],
      "run_if": "ALL_SUCCESS",
      "notebook_task": {
        "notebook_path": "/Workspace/data_engineering/silver/ifinance/nb_pmrs_master_silver_Ingestion",
        "base_parameters": {
          "is_pcat": "true"
        },
        "source": "WORKSPACE"
      },
      "job_cluster_key": "Job_cluster",
      "timeout_seconds": 0,
      "email_notifications": {},
      "webhook_notifications": {}
    },
    {
      "task_key": "pcat_gold",
      "depends_on": [
        {
          "task_key": "pcat_silver_merge"
        }
      ],
      "run_if": "ALL_SUCCESS",
      "notebook_task": {
        "notebook_path": "/Workspace/data_engineering/gold/ifinance/nb_pmrs_master_gold_ingestion",
        "base_parameters": {
          "is_pcat": "true"
        },
        "source": "WORKSPACE"
      },
      "job_cluster_key": "Job_cluster",
      "timeout_seconds": 0,
      "email_notifications": {},
      "webhook_notifications": {}
    },
    {
      "task_key": "pcat_view",
      "depends_on": [
        {
          "task_key": "pcat_gold"
        }
      ],
      "run_if": "ALL_SUCCESS",
      "notebook_task": {
        "notebook_path": "/Workspace/data_engineering/gold/ifinance/nb_pmrs_master_view_run",
        "base_parameters": {
          "is_pcat": "true"
        },
        "source": "WORKSPACE"
      },
      "job_cluster_key": "Job_cluster",
      "timeout_seconds": 0,
      "email_notifications": {},
      "webhook_notifications": {}
    },
    {
      "task_key": "fact_gmims_bronze_to_silver",
      "depends_on": [
        {
          "task_key": "Gmi_Raw_to_Bronze_staging_ingestion"
        },
        {
          "task_key": "pcat_view"
        }
      ],
      "run_if": "ALL_SUCCESS",
      "notebook_task": {
        "notebook_path": "/Workspace/data_engineering/silver/market/nb_pmrs_fact_gmims",
        "base_parameters": {
          "flow_data_feed": "master_data_flow",
          "geography_data_feed": "master_data_geography",
          "job_id": "{{job.id}}",
          "measure_data_feed": "master_data_measure",
          "run_id": "{{job.run_id}}",
          "current_month_flag": "True",
          "product_data_feed": "master_data_product_category"
        },
        "source": "WORKSPACE"
      },
      "job_cluster_key": "Job_cluster",
      "timeout_seconds": 0,
      "email_notifications": {},
      "webhook_notifications": {}
    },
    {
      "task_key": "fact_gmims_recon",
      "depends_on": [
        {
          "task_key": "fact_gmims_bronze_to_silver"
        }
      ],
      "run_if": "ALL_SUCCESS",
      "notebook_task": {
        "notebook_path": "/Workspace/data_engineering/silver/market/nb_pmrs_fact_gmims_recon",
        "source": "WORKSPACE"
      },
      "job_cluster_key": "Job_cluster",
      "timeout_seconds": 0,
      "email_notifications": {},
      "webhook_notifications": {}
    },
    {
      "task_key": "fact_gmims_silver_to_gold",
      "depends_on": [
        {
          "task_key": "fact_gmims_recon"
        }
      ],
      "run_if": "ALL_SUCCESS",
      "notebook_task": {
        "notebook_path": "/Workspace/data_engineering/gold/ifinance/nb_pmrs_master_gold_ingestion",
        "source": "WORKSPACE"
      },
      "job_cluster_key": "Job_cluster",
      "timeout_seconds": 0,
      "email_notifications": {},
      "webhook_notifications": {}
    },
    {
      "task_key": "view_gmims",
      "depends_on": [
        {
          "task_key": "fact_gmims_silver_to_gold"
        }
      ],
      "run_if": "ALL_SUCCESS",
      "notebook_task": {
        "notebook_path": "/Workspace/data_engineering/gold/market/nb_pmrs_fact_view_run",
        "source": "WORKSPACE"
      },
      "job_cluster_key": "Job_cluster",
      "timeout_seconds": 0,
      "email_notifications": {},
      "webhook_notifications": {}
    }
  ],
  "job_clusters": [
    {
      "job_cluster_key": "Job_cluster",
      "new_cluster": {
        "cluster_name": "",
        "spark_version": "15.4.x-scala2.12",
        "azure_attributes": {
          "first_on_demand": 1,
          "availability": "SPOT_WITH_FALLBACK_AZURE",
          "spot_bid_max_price": -1
        },
        "node_type_id": "Standard_D8ads_v5",
        "enable_elastic_disk": true,
        "policy_id": "000745D2A99092EE",
        "data_security_mode": "USER_ISOLATION",
        "runtime_engine": "STANDARD",
        "num_workers": 1
      }
    }
  ]
}