{
  "name": "pmrs_fact_map_hierarchy_workflow",
  "email_notifications": {
    "no_alert_for_skipped_runs": false
  },
  "webhook_notifications": {},
  "timeout_seconds": 0,
  "max_concurrent_runs": 1,
  "tasks": [
    {
      "task_key": "Fact_Actuals_Map_task",
      "run_if": "ALL_SUCCESS",
      "notebook_task": {
        "notebook_path": "/Workspace/data_engineering/gold/ifinance/nb_pmrs_map_hierarchy_actuals_forecast",
        "source": "WORKSPACE"
      },
      "job_cluster_key": "Job_cluster",
      "timeout_seconds": 0,
      "email_notifications": {},
      "webhook_notifications": {}
    }
  ],
  "job_clusters": [
    {
      "job_cluster_key": "Job_cluster",
      "new_cluster": {
        "cluster_name": "",
        "spark_version": "15.4.x-scala2.12",
        "azure_attributes": {
          "first_on_demand": 1,
          "availability": "SPOT_WITH_FALLBACK_AZURE",
          "spot_bid_max_price": -1
        },
        "node_type_id": "Standard_D4ds_v5",
        "spark_env_vars": {
          "PYSPARK_PYTHON": "/databricks/python3/bin/python3"
        },
        "enable_elastic_disk": true,
        "data_security_mode": "SINGLE_USER",
        "runtime_engine": "PHOTON",
        "num_workers": 8
      }
    }
  ]
}