{
  "name": "pmrs_market_fact_ingestion",
  "email_notifications": {
    "no_alert_for_skipped_runs": false
  },
  "webhook_notifications": {},
  "timeout_seconds": 0,
  "max_concurrent_runs": 10,
  "tasks": [
    {
      "task_key": "manual_load",
      "run_if": "ALL_SUCCESS",
      "notebook_task": {
        "notebook_path": "/Workspace/data_engineering/raw/nb_pmrs_manual_file_load",
        "source": "WORKSPACE"
      },
      "job_cluster_key": "Job_cluster",
      "timeout_seconds": 0,
      "email_notifications": {},
      "webhook_notifications": {}
    },
    {
      "task_key": "Raw_to_Bronze_staging_ingestion",
      "depends_on": [
        {
          "task_key": "manual_load"
        }
      ],
      "run_if": "ALL_SUCCESS",
      "notebook_task": {
        "notebook_path": "/Workspace/data_engineering/bronze/ifinance/nb_pmrs_common_bronze_Ingestion",
        "base_parameters": {
          "FilePath": "{{tasks.manual_load.values.FilePath}}",
          "FileName": "{{tasks.manual_load.values.FileName}}",
          "username": "{{tasks.manual_load.values.user_name}}"
        },
        "source": "WORKSPACE"
      },
      "job_cluster_key": "Job_cluster",
      "libraries": [
        {
          "jar": "/Volumes/pds_pmrs_930972_dev/config_details/pmrs_volume_technical_jars/spark-excel_2.12-3.5.1_0.20.4.jar"
        }
      ],
      "timeout_seconds": 0,
      "email_notifications": {},
      "webhook_notifications": {}
    },
    {
      "task_key": "Bronze_staging_to_silver_ingestion",
      "depends_on": [
        {
          "task_key": "Raw_to_Bronze_staging_ingestion"
        }
      ],
      "run_if": "ALL_SUCCESS",
      "notebook_task": {
        "notebook_path": "/Workspace/data_engineering/silver/market/nb_pmrs_market_fact_silver_processing",
        "source": "WORKSPACE"
      },
      "job_cluster_key": "Job_cluster",
      "timeout_seconds": 0,
      "email_notifications": {},
      "webhook_notifications": {}
    },
    {
      "task_key": "silver_to_gold_ingestion",
      "depends_on": [
        {
          "task_key": "Bronze_staging_to_silver_ingestion"
        }
      ],
      "run_if": "ALL_SUCCESS",
      "notebook_task": {
        "notebook_path": "/Workspace/data_engineering/gold/ifinance/nb_pmrs_master_gold_ingestion",
        "source": "WORKSPACE"
      },
      "job_cluster_key": "Job_cluster",
      "timeout_seconds": 0,
      "email_notifications": {},
      "webhook_notifications": {}
    },
    {
      "task_key": "bronze_to_gold_recon",
      "depends_on": [
        {
          "task_key": "silver_to_gold_ingestion"
        }
      ],
      "run_if": "ALL_SUCCESS",
      "notebook_task": {
        "notebook_path": "/Workspace/data_engineering/gold/market/nb_pmrs_market_fact_recon",
        "source": "WORKSPACE"
      },
      "job_cluster_key": "Job_cluster",
      "timeout_seconds": 0,
      "email_notifications": {},
      "webhook_notifications": {}
    },
    {
      "task_key": "view_nb_execution",
      "depends_on": [
        {
          "task_key": "bronze_to_gold_recon"
        }
      ],
      "run_if": "ALL_SUCCESS",
      "notebook_task": {
        "notebook_path": "/Workspace/data_engineering/gold/market/nb_pmrs_fact_view_run",
        "source": "WORKSPACE"
      },
      "job_cluster_key": "Job_cluster",
      "timeout_seconds": 0,
      "email_notifications": {},
      "webhook_notifications": {}
    }
  ],
  "job_clusters": [
    {
      "job_cluster_key": "Job_cluster",
      "new_cluster": {
        "cluster_name": "",
        "spark_version": "15.4.x-scala2.12",
        "azure_attributes": {
          "first_on_demand": 1,
          "availability": "SPOT_WITH_FALLBACK_AZURE",
          "spot_bid_max_price": -1
        },
        "node_type_id": "Standard_D8ads_v5",
        "enable_elastic_disk": true,
        "policy_id": "000745D2A99092EE",
        "data_security_mode": "USER_ISOLATION",
        "runtime_engine": "STANDARD",
        "num_workers": 1
      }
    }
  ]
}